<DATE>;<TIME>;<OPEN>;<HIGH>;<LOW>;<CLOSE>;<VOL>
20090105;000000;1.4534000;1.5374000;1.4425000;1.5132000;117
20090112;000000;1.5147000;1.5168000;1.4465000;1.4828000;107175
20090119;000000;1.4833000;1.4908000;1.3500000;1.3801000;0
20090126;000000;1.3799000;1.4558000;1.3543000;1.4466000;0
20090202;000000;1.4468000;1.4844000;1.4049000;1.4778000;0
20090209;000000;1.4780000;1.4984000;1.4134000;1.4228000;0
20090216;000000;1.4225000;1.4483000;1.4089000;1.4379000;0
20090223;000000;1.4380000;1.4663000;1.4108000;1.4277000;0
20090302;000000;1.4281000;1.4313000;1.3955000;1.4085000;0
20090309;000000;1.4082000;1.4182000;1.3652000;1.3955000;0
20090316;000000;1.3953000;1.4596000;1.3842000;1.4468000;0
20090323;000000;1.4465000;1.4779000;1.4265000;1.4276000;0
20090330;000000;1.4279000;1.4847000;1.4108000;1.4838000;0
20090406;000000;1.4840000;1.4959000;1.4579000;1.4641000;446
20090413;000000;1.4618000;1.5068000;1.4601000;1.4804000;0
20090420;000000;1.4805000;1.4816000;1.4394000;1.4665000;87965
20090427;000000;1.4665000;1.4948000;1.4512000;1.4906000;0
20090504;000000;1.4902000;1.5248000;1.4806000;1.5219000;0
20090511;000000;1.5228000;1.5352000;1.5056000;1.5162000;28747
20090518;000000;1.5164000;1.5945000;1.5114000;1.5912000;0
20090525;000000;1.5911000;1.6198000;1.5775000;1.6185000;0
20090601;000000;1.6225000;1.6663000;1.5938000;1.5944000;0
20090608;000000;1.5944000;1.6621000;1.5798000;1.6439000;0
20090615;000000;1.6436000;1.6562000;1.6185000;1.6493000;0
20090622;000000;1.6492000;1.6603000;1.6206000;1.6523000;0
20090629;000000;1.6517000;1.6744000;1.6289000;1.6320000;0
20090706;000000;1.6322000;1.6380000;1.5980000;1.6208000;0
20090713;000000;1.6208000;1.6479000;1.6030000;1.6328000;0
20090720;000000;1.6328000;1.6585000;1.6307000;1.6471000;0
20090727;000000;1.6473000;1.6732000;1.6337000;1.6746000;0
20090803;000000;1.6744000;1.7043000;1.6647000;1.6669000;0
20090810;000000;1.6675000;1.6718000;1.6388000;1.6516000;0
20090817;000000;1.6517000;1.6623000;1.6273000;1.6489000;0
20090824;000000;1.6488000;1.6545000;1.6150000;1.6275000;0
20090831;000000;1.6274000;1.6413000;1.6110000;1.6388000;0
20090907;000000;1.6386000;1.6741000;1.6319000;1.6686000;0
20090914;000000;1.6678000;1.6695000;1.6227000;1.6253000;0
20090921;000000;1.6248000;1.6467000;1.5912000;1.5985000;53
20090928;000000;1.5983000;1.6126000;1.5766000;1.5946000;211474
20091005;000000;1.5948000;1.6119000;1.5822000;1.5844000;0
20091012;000000;1.5842000;1.6398000;1.5705000;1.6308000;0
20091019;000000;1.6311000;1.6693000;1.6237000;1.6289000;0
20091026;000000;1.6289000;1.6603000;1.6248000;1.6409000;0
20091102;000000;1.6407000;1.6636000;1.6258000;1.6656000;0
20091109;000000;1.6659000;1.6843000;1.6513000;1.6714000;0
20091116;000000;1.6712000;1.6878000;1.6458000;1.6502000;0
20091123;000000;1.6504000;1.6746000;1.6268000;1.6556000;0
20091130;000000;1.6552000;1.6722000;1.6378000;1.6427000;54999
20091207;000000;1.6429000;1.6516000;1.6163000;1.6245000;81138
20091214;000000;1.6241000;1.6411000;1.6048000;1.6114000;0
20091221;000000;1.6110000;1.6164000;1.5919000;1.5960000;0
20091228;000000;1.5959000;1.6235000;1.5830000;1.6136000;0
20100104;000000;1.6140000;1.6241000;1.5892000;1.6069000;0
20100111;000000;1.6069000;1.6355000;1.6018000;1.6256000;0
20100118;000000;1.6256000;1.6458000;1.6076000;1.6104000;0
20100125;000000;1.6105000;1.6276000;1.5975000;1.5947000;0
20100201;000000;1.5950000;1.6069000;1.5556000;1.5634000;0
20100208;000000;1.5640000;1.5765000;1.5531000;1.5670000;0
20100215;000000;1.5670000;1.5821000;1.5342000;1.5460000;0
20100222;000000;1.5463000;1.5575000;1.5149000;1.5188000;0
20100301;000000;1.5187000;1.5244000;1.4777000;1.5117000;0
20100308;000000;1.5128000;1.5217000;1.4869000;1.5168000;0
20100315;000000;1.5172000;1.5381000;1.4974000;1.5020000;0
20100322;000000;1.5020000;1.5113000;1.4797000;1.4950000;0
20100329;000000;1.4953000;1.5298000;1.4888000;1.5267000;0
20100405;000000;1.5268000;1.5391000;1.5125000;1.5414000;0
20100412;000000;1.5414000;1.5524000;1.5332000;1.5310000;0
20100419;000000;1.5309000;1.5473000;1.5189000;1.5374000;0
20100426;000000;1.5375000;1.5497000;1.5122000;1.5272000;0
20100503;000000;1.5215000;1.5282000;1.4473000;1.4870000;0
20100510;000000;1.4870000;1.5053000;1.4494000;1.4513000;0
20100517;000000;1.4520000;1.4545000;1.4228000;1.4477000;0
20100524;000000;1.4470000;1.4611000;1.4256000;1.4400000;0
20100531;000000;1.4385000;1.4770000;1.4360000;1.4413000;0
20100607;000000;1.4412000;1.4759000;1.4343000;1.4547000;0
20100614;000000;1.4551000;1.4887000;1.4535000;1.4830000;0
20100621;000000;1.4832000;1.5077000;1.4683000;1.5060000;0
20100628;000000;1.5064000;1.5228000;1.4869000;1.5197000;18
20100705;000000;1.5197000;1.5241000;1.5046000;1.5064000;107581
20100712;000000;1.5064000;1.5471000;1.4944000;1.5276000;240231
20100719;000000;1.5278000;1.5449000;1.5120000;1.5397000;0
20100726;000000;1.5397000;1.5721000;1.5387000;1.5708000;0
20100802;000000;1.5704000;1.5998000;1.5682000;1.5960000;0
20100809;000000;1.5964000;1.5996000;1.5557000;1.5615000;0
20100816;000000;1.5617000;1.5702000;1.5461000;1.5511000;0
20100823;000000;1.5514000;1.5619000;1.5368000;1.5526000;0
20100830;000000;1.5522000;1.5576000;1.5323000;1.5425000;0
20100906;000000;1.5427000;1.5533000;1.5292000;1.5372000;0
20100913;000000;1.5375000;1.5728000;1.5344000;1.5623000;0
20100920;000000;1.5624000;1.5843000;1.5499000;1.5815000;0
20100927;000000;1.5815000;1.5923000;1.5667000;1.5784000;0
20101004;000000;1.5784000;1.6018000;1.5747000;1.5939000;0
20101011;000000;1.5939000;1.6106000;1.5752000;1.5969000;0
20101018;000000;1.5969000;1.6004000;1.5647000;1.5672000;0
20101025;000000;1.5672000;1.6045000;1.5652000;1.6043000;0
20101101;000000;1.6043000;1.6299000;1.5957000;1.6184000;0
20101108;000000;1.6183000;1.6213000;1.5949000;1.6133000;0
20101115;000000;1.6124000;1.6155000;1.5837000;1.6002000;0
20101122;000000;1.6000000;1.6084000;1.5574000;1.5598000;0
20101129;000000;1.5596000;1.5787000;1.5480000;1.5763000;52958
20101206;000000;1.5760000;1.5863000;1.5651000;1.5798000;0
20101213;000000;1.5785000;1.5912000;1.5450000;1.5508000;0
20101220;000000;1.5507000;1.5577000;1.5351000;1.5442000;0
20101227;000000;1.5436000;1.5664000;1.5340000;1.5552000;0
20110103;000000;1.5552000;1.5627000;1.5402000;1.5520000;0
20110110;000000;1.5523000;1.5889000;1.5471000;1.5869000;0
20110117;000000;1.5863000;1.6059000;1.5831000;1.5987000;0
20110124;000000;1.5986000;1.6017000;1.5746000;1.5832000;0
20110131;000000;1.5832000;1.6278000;1.5818000;1.6085000;0
20110207;000000;1.6091000;1.6185000;1.5958000;1.5991000;0
20110214;000000;1.5991000;1.6263000;1.5949000;1.6250000;0
20110221;000000;1.6251000;1.6274000;1.6026000;1.6101000;0
20110228;000000;1.6098000;1.6343000;1.6068000;1.6272000;0
20110307;000000;1.6273000;1.6341000;1.5973000;1.6083000;0
20110314;000000;1.6075000;1.6255000;1.5974000;1.6230000;0
20110321;000000;1.6235000;1.6400000;1.6004000;1.6003000;0
20110328;000000;1.6005000;1.6151000;1.5932000;1.6108000;0
20110404;000000;1.6169000;1.6427000;1.6087000;1.6359000;0
20110411;000000;1.6369000;1.6426000;1.6223000;1.6299000;0
20110418;000000;1.6300000;1.6599000;1.6163000;1.6511000;0
20110425;000000;1.6510000;1.6746000;1.6427000;1.6709000;0
20110502;000000;1.6709000;1.6739000;1.6351000;1.6365000;0
20110509;000000;1.6369000;1.6517000;1.6143000;1.6206000;138295
20110516;000000;1.6215000;1.6306000;1.6101000;1.6225000;0
20110523;000000;1.6227000;1.6514000;1.6055000;1.6500000;0
20110530;000000;1.6494000;1.6547000;1.6283000;1.6404000;0
20110606;000000;1.6402000;1.6471000;1.6211000;1.6220000;0
20110613;000000;1.6230000;1.6441000;1.6074000;1.6162000;0
20110620;000000;1.6158000;1.6262000;1.5934000;1.5958000;0
20110627;000000;1.5960000;1.6119000;1.5908000;1.6057000;0
20110704;000000;1.6055000;1.6140000;1.5927000;1.6026000;0
20110711;000000;1.6025000;1.6194000;1.5776000;1.6110000;0
20110718;000000;1.6108000;1.6341000;1.6001000;1.6327000;0
20110725;000000;1.6329000;1.6470000;1.6256000;1.6417000;0
20110801;000000;1.6407000;1.6475000;1.6220000;1.6462000;169230
20110808;000000;1.6464000;1.6478000;1.6108000;1.6273000;3723
20110815;000000;1.6277000;1.6618000;1.6252000;1.6458000;0
20110822;000000;1.6458000;1.6572000;1.6203000;1.6356000;0
20110829;000000;1.6358000;1.6454000;1.6128000;1.6180000;0
20110905;000000;1.6179000;1.6218000;1.5840000;1.5841000;0
20110912;000000;1.5846000;1.5885000;1.5702000;1.5752000;0
20110919;000000;1.5752000;1.5786000;1.5325000;1.5481000;0
20110926;000000;1.5478000;1.5715000;1.5428000;1.5552000;0
20111003;000000;1.5553000;1.5646000;1.5268000;1.5530000;0
20111010;000000;1.5531000;1.5852000;1.5519000;1.5819000;0
20111017;000000;1.5821000;1.5973000;1.5626000;1.5927000;0
20111024;000000;1.5927000;1.6152000;1.5887000;1.6130000;0
20111031;000000;1.6127000;1.6166000;1.5874000;1.6013000;0
20111107;000000;1.6016000;1.6130000;1.5864000;1.6082000;0
20111114;000000;1.6080000;1.6092000;1.5688000;1.5785000;0
20111121;000000;1.5791000;1.5800000;1.5418000;1.5482000;0
20111128;000000;1.5481000;1.5779000;1.5454000;1.5614000;0
20111205;000000;1.5613000;1.5770000;1.5557000;1.5637000;0
20111212;000000;1.5638000;1.5657000;1.5406000;1.5535000;0
20111219;000000;1.5535000;1.5774000;1.5462000;1.5595000;0
20111226;000000;1.5594000;1.5701000;1.5357000;1.5510000;0
20120102;000000;1.5511000;1.5670000;1.5371000;1.5406000;0
20120109;000000;1.5406000;1.5500000;1.5231000;1.5288000;0
20120116;000000;1.5291000;1.5579000;1.5270000;1.5555000;0
20120123;000000;1.5555000;1.5740000;1.5512000;1.5720000;0
20120130;000000;1.5721000;1.5883000;1.5650000;1.5789000;0
20120206;000000;1.5782000;1.5929000;1.5725000;1.5763000;27285
20120213;000000;1.5763000;1.5862000;1.5642000;1.5845000;0
20120220;000000;1.5848000;1.5899000;1.5644000;1.5875000;0
20120227;000000;1.5875000;1.5992000;1.5796000;1.5832000;0
20120305;000000;1.5830000;1.5882000;1.5658000;1.5667000;0
20120312;000000;1.5672000;1.5861000;1.5598000;1.5824000;0
20120319;000000;1.5821000;1.5923000;1.5768000;1.5868000;0
20120326;000000;1.5869000;1.6037000;1.5797000;1.6005000;0
20120402;000000;1.6020000;1.6062000;1.5801000;1.5869000;0
20120409;000000;1.5881000;1.5985000;1.5804000;1.5854000;0
20120416;000000;1.5844000;1.6149000;1.5815000;1.6121000;0
20120423;000000;1.6110000;1.6280000;1.6072000;1.6263000;0
20120430;000000;1.6262000;1.6301000;1.6139000;1.6149000;0
20120507;000000;1.6135000;1.6198000;1.6057000;1.6066000;0
20120514;000000;1.6065000;1.6123000;1.5728000;1.5831000;0
20120521;000000;1.5829000;1.5848000;1.5625000;1.5657000;0
20120528;000000;1.5688000;1.5717000;1.5264000;1.5365000;0
20120604;000000;1.5363000;1.5600000;1.5319000;1.5482000;0
20120611;000000;1.5490000;1.5727000;1.5450000;1.5694000;0
20120618;000000;1.5700000;1.5790000;1.5552000;1.5559000;0
20120625;000000;1.5559000;1.5714000;1.5482000;1.5699000;0
20120702;000000;1.5702000;1.5722000;1.5456000;1.5468000;0
20120709;000000;1.5471000;1.5580000;1.5389000;1.5574000;0
20120716;000000;1.5574000;1.5738000;1.5513000;1.5606000;0
20120723;000000;1.5605000;1.5768000;1.5454000;1.5743000;0
20120730;000000;1.5734000;1.5750000;1.5486000;1.5610000;93798
20120806;000000;1.5613000;1.5701000;1.5542000;1.5668000;0
20120813;000000;1.5660000;1.5744000;1.5632000;1.5700000;0
20120820;000000;1.5698000;1.5913000;1.5675000;1.5810000;0
20120827;000000;1.5814000;1.5896000;1.5750000;1.5878000;0
20120903;000000;1.5879000;1.6034000;1.5821000;1.6024000;0
20120910;000000;1.6014000;1.6256000;1.5955000;1.6217000;0
20120917;000000;1.6216000;1.6309000;1.6159000;1.6228000;0
20120924;000000;1.6228000;1.6272000;1.6108000;1.6144000;0
20121001;000000;1.6136000;1.6217000;1.6064000;1.6125000;0
20121008;000000;1.6126000;1.6142000;1.5972000;1.6069000;0
20121015;000000;1.6069000;1.6178000;1.5994000;1.6010000;0
20121022;000000;1.6010000;1.6144000;1.5909000;1.6112000;0
20121029;000000;1.6111000;1.6175000;1.6002000;1.6007000;0
20121105;000000;1.6008000;1.6042000;1.5886000;1.5893000;0
20121112;000000;1.5893000;1.5916000;1.5821000;1.5888000;0
20121119;000000;1.5889000;1.6051000;1.5878000;1.6021000;0
20121126;000000;1.6022000;1.6062000;1.5958000;1.6006000;0
20121203;000000;1.6006000;1.6131000;1.5998000;1.6031000;0
20121210;000000;1.6032000;1.6178000;1.6010000;1.6153000;0
20121217;000000;1.6152000;1.6307000;1.6145000;1.6167000;0
20121224;000000;1.6170000;1.6207000;1.5899000;1.6165000;0
20121231;000000;1.6168000;1.6382000;1.6005000;1.6078000;0
20130107;000000;1.6076000;1.6178000;1.5989000;1.6123000;0
20130114;000000;1.6123000;1.6154000;1.5851000;1.5842000;0
20130121;000000;1.5843000;1.5893000;1.5742000;1.5763000;0
20130128;000000;1.5766000;1.5879000;1.5670000;1.5690000;0
20130204;000000;1.5687000;1.5844000;1.5627000;1.5795000;0
20130211;000000;1.5796000;1.5810000;1.5457000;1.5504000;0
20130218;000000;1.5505000;1.5516000;1.5128000;1.5092000;0
20130225;000000;1.5092000;1.5222000;1.4982000;1.5044000;0
20130304;000000;1.5044000;1.5199000;1.4881000;1.4914000;0
20130311;000000;1.4914000;1.5177000;1.4829000;1.5122000;0
20130318;000000;1.5125000;1.5248000;1.5022000;1.5231000;0
20130325;000000;1.5225000;1.5267000;1.5089000;1.5187000;0
20130401;000000;1.5192000;1.5364000;1.5030000;1.5301000;0
20130408;000000;1.5300000;1.5411000;1.5235000;1.5334000;0
20130415;000000;1.5334000;1.5385000;1.5212000;1.5231000;0
20130422;000000;1.5230000;1.5499000;1.5192000;1.5494000;0
20130429;000000;1.5493000;1.5607000;1.5463000;1.5559000;0
20130506;000000;1.5556000;1.5598000;1.5310000;1.5354000;0
20130513;000000;1.5353000;1.5385000;1.5155000;1.5177000;0
20130520;000000;1.5172000;1.5281000;1.5010000;1.5129000;0
20130527;000000;1.5131000;1.5240000;1.5005000;1.5205000;0
20130603;000000;1.5208000;1.5684000;1.5174000;1.5525000;0
20130610;000000;1.5525000;1.5737000;1.5491000;1.5717000;0
20130617;000000;1.5714000;1.5751000;1.5364000;1.5381000;0
20130624;000000;1.5381000;1.5477000;1.5160000;1.5211000;0
20130701;000000;1.5210000;1.5304000;1.4855000;1.4892000;0
20130708;000000;1.4892000;1.5222000;1.4809000;1.5113000;0
20130715;000000;1.5105000;1.5282000;1.5023000;1.5264000;0
20130722;000000;1.5264000;1.5435000;1.5255000;1.5381000;0
20130729;000000;1.5379000;1.5414000;1.5099000;1.5285000;0
20130805;000000;1.5284000;1.5574000;1.5201000;1.5495000;0
20130812;000000;1.5496000;1.5657000;1.5418000;1.5616000;0
20130819;000000;1.5610000;1.5717000;1.5527000;1.5565000;0
20130826;000000;1.5565000;1.5612000;1.5426000;1.5534000;0
20130902;000000;1.5537000;1.5681000;1.5502000;1.5630000;0
20130909;000000;1.5631000;1.5885000;1.5602000;1.5879000;0
20130916;000000;1.5878000;1.6163000;1.5866000;1.6000000;0
20130923;000000;1.6004000;1.6150000;1.5951000;1.6122000;0
20130930;000000;1.6124000;1.6260000;1.6003000;1.6012000;0
20131007;000000;1.6021000;1.6124000;1.5910000;1.5974000;0
20131014;000000;1.5976000;1.6225000;1.5890000;1.6173000;0
20131021;000000;1.6172000;1.6257000;1.6112000;1.6160000;0
20131028;000000;1.6160000;1.6208000;1.5904000;1.5921000;0
20131104;000000;1.5921000;1.6118000;1.5900000;1.5997000;0
20131111;000000;1.5998000;1.6135000;1.5850000;1.6122000;0
20131118;000000;1.6123000;1.6226000;1.6055000;1.6229000;0
20131125;000000;1.6228000;1.6384000;1.6129000;1.6374000;0
20131202;000000;1.6375000;1.6443000;1.6288000;1.6327000;0
20131209;000000;1.6328000;1.6466000;1.6259000;1.6288000;0
20131216;000000;1.6286000;1.6484000;1.6213000;1.6337000;0
20131223;000000;1.6336000;1.6578000;1.6296000;1.6466000;0
20131230;000000;1.6466000;1.6603000;1.6391000;1.6395000;0
20140106;000000;1.6395000;1.6517000;1.6333000;1.6482000;0
20140113;000000;1.6481000;1.6508000;1.6305000;1.6418000;0
20140120;000000;1.6417000;1.6668000;1.6394000;1.6480000;0
20140127;000000;1.6481000;1.6625000;1.6422000;1.6426000;0
20140203;000000;1.6425000;1.6444000;1.6248000;1.6398000;507063
20140210;000000;1.6400000;1.6756000;1.6379000;1.6768000;0
20140217;000000;1.6768000;1.6822000;1.6607000;1.6616000;0
20140224;000000;1.6619000;1.6769000;1.6579000;1.6720000;0
20140303;000000;1.6724000;1.6786000;1.6638000;1.6731000;0
20140310;000000;1.6733000;1.6742000;1.6564000;1.6633000;0
20140317;000000;1.6634000;1.6666000;1.6471000;1.6483000;0
20140324;000000;1.6484000;1.6651000;1.6456000;1.6657000;0
20140331;000000;1.6657000;1.6684000;1.6549000;1.6574000;0
20140407;000000;1.6574000;1.6820000;1.6561000;1.6715000;0
20140414;000000;1.6709000;1.6842000;1.6656000;1.6782000;0
20140421;000000;1.6782000;1.6840000;1.6758000;1.6798000;0
20140428;000000;1.6795000;1.6920000;1.6775000;1.6873000;0
20140505;000000;1.6871000;1.6986000;1.6828000;1.6843000;0
20140512;000000;1.6840000;1.6903000;1.6729000;1.6812000;0
20140519;000000;1.6813000;1.6921000;1.6798000;1.6816000;0
20140526;000000;1.6816000;1.6882000;1.6689000;1.6760000;0
20140602;000000;1.6760000;1.6845000;1.6694000;1.6805000;0
20140609;000000;1.6805000;1.6992000;1.6737000;1.6972000;0
20140616;000000;1.6972000;1.7063000;1.6918000;1.7016000;0
20140623;000000;1.7018000;1.7051000;1.6948000;1.7026000;0
20140630;000000;1.7023000;1.7180000;1.7004000;1.7152000;0
20140707;000000;1.7154000;1.7168000;1.7081000;1.7118000;0
20140714;000000;1.7119000;1.7191000;1.7032000;1.7086000;0
20140721;000000;1.7087000;1.7099000;1.6957000;1.6975000;0
20140728;000000;1.6975000;1.7001000;1.6808000;1.6825000;0
20140804;000000;1.6824000;1.6888000;1.6762000;1.6775000;0
20140811;000000;1.6774000;1.6844000;1.6653000;1.6688000;0
20140818;000000;1.6719000;1.6738000;1.6557000;1.6543000;0
20140825;000000;1.6543000;1.6614000;1.6510000;1.6592000;0
20140901;000000;1.6593000;1.6644000;1.6274000;1.6195000;0
20140908;000000;1.6195000;1.6277000;1.6050000;1.6271000;0
20140915;000000;1.6270000;1.6525000;1.6159000;1.6294000;0
20140922;000000;1.6291000;1.6416000;1.6233000;1.6238000;0
20140929;000000;1.6238000;1.6287000;1.5949000;1.5959000;0
20141006;000000;1.5958000;1.6227000;1.5939000;1.6077000;7747
20141013;000000;1.6078000;1.6126000;1.5873000;1.6097000;0
20141020;000000;1.6100000;1.6185000;1.5990000;1.6078000;0
20141027;000000;1.6084000;1.6182000;1.5940000;1.5990000;644539
20141103;000000;1.5979000;1.6023000;1.5789000;1.5868000;5860605
20141110;000000;1.5905000;1.5945000;1.5589000;1.5681000;5298704
20141117;000000;1.5679000;1.5737000;1.5585000;1.5656000;7155130
20141124;000000;1.5649000;1.5826000;1.5611000;1.5652000;6534408
20141201;000000;1.5652000;1.5764000;1.5566000;1.5571000;7334208
20141208;000000;1.5572000;1.5757000;1.5537000;1.5733000;7962287
20141215;000000;1.5735000;1.5786000;1.5539000;1.5621000;8080926
20141222;000000;1.5621000;1.5665000;1.5483000;1.5565000;4063488
20141229;000000;1.5565000;1.5620000;1.5322000;1.5325000;4568580
20150105;000000;1.5325000;1.5335000;1.5030000;1.5181000;8118164
20150112;000000;1.5180000;1.5269000;1.5074000;1.5149000;7428083
20150119;000000;1.5146000;1.5212000;1.4950000;1.4995000;8162871
20150126;000000;1.4985000;1.5224000;1.4970000;1.5067000;7674578
20150202;000000;1.5092000;1.5352000;1.4985000;1.5215000;7004901
20150209;000000;1.5219000;1.5422000;1.5194000;1.5424000;6674607
20150216;000000;1.5424000;1.5480000;1.5312000;1.5403000;6442749
20150223;000000;1.5403000;1.5552000;1.5328000;1.5422000;6107906
20150302;000000;1.5421000;1.5443000;1.5029000;1.5037000;5792526
20150309;000000;1.5034000;1.5137000;1.4695000;1.4735000;7710806
20150316;000000;1.4741000;1.5164000;1.4631000;1.4968000;8089310
20150323;000000;1.4969000;1.4995000;1.4792000;1.4886000;8201785
20150330;000000;1.4886000;1.4945000;1.4736000;1.4917000;6543605
20150406;000000;1.4918000;1.4981000;1.4584000;1.4620000;6462682
20150413;000000;1.4620000;1.5054000;1.4563000;1.4956000;7532148
20150420;000000;1.4956000;1.5188000;1.4854000;1.5173000;7378469
20150427;000000;1.5176000;1.5499000;1.5105000;1.5147000;7994452
20150504;000000;1.5145000;1.5523000;1.5087000;1.5442000;7320474
20150511;000000;1.5443000;1.5815000;1.5392000;1.5736000;6004429
20150518;000000;1.5741000;1.5746000;1.5444000;1.5472000;6372038
20150525;000000;1.5474000;1.5508000;1.5235000;1.5292000;5728762
20150601;000000;1.5292000;1.5441000;1.5169000;1.5257000;6096513
20150608;000000;1.5259000;1.5598000;1.5218000;1.5546000;5938608
20150615;000000;1.5548000;1.5930000;1.5484000;1.5869000;5488669
20150622;000000;1.5875000;1.5910000;1.5664000;1.5688000;6366373
20150629;000000;1.5700000;1.5789000;1.5555000;1.5549000;7511735
20150706;000000;1.5544000;1.5629000;1.5327000;1.5493000;7461894
20150713;000000;1.5500000;1.5676000;1.5448000;1.5600000;7253437
20150720;000000;1.5603000;1.5671000;1.5464000;1.5510000;6340255
20150727;000000;1.5513000;1.5690000;1.5488000;1.5632000;7725685
20150803;000000;1.5631000;1.5651000;1.5422000;1.5487000;7887884
20150810;000000;1.5490000;1.5660000;1.5454000;1.5652000;7522150
20150817;000000;1.5653000;1.5723000;1.5560000;1.5675000;7736348
20150824;000000;1.5679000;1.5819000;1.5334000;1.5409000;9531343
20150831;000000;1.5411000;1.5437000;1.5162000;1.5176000;6778384
20150907;000000;1.5176000;1.5476000;1.5167000;1.5425000;6409013
20150914;000000;1.5430000;1.5659000;1.5327000;1.5525000;6587465
20150921;000000;1.5525000;1.5568000;1.5134000;1.5181000;7267768
20150928;000000;1.5183000;1.5242000;1.5105000;1.5189000;6941312
20151005;000000;1.5189000;1.5383000;1.5135000;1.5313000;6351869
20151012;000000;1.5311000;1.5509000;1.5198000;1.5439000;7067023
20151019;000000;1.5442000;1.5508000;1.5304000;1.5315000;6128695
20151026;000000;1.5315000;1.5468000;1.5240000;1.5448000;7618738
20151102;000000;1.5441000;1.5497000;1.5024000;1.5051000;7006777
20151109;000000;1.5051000;1.5263000;1.5039000;1.5220000;6561139
20151116;000000;1.5221000;1.5336000;1.5152000;1.5181000;6601834
20151123;000000;1.5182000;1.5198000;1.5026000;1.5032000;7339986
20151130;000000;1.5032000;1.5159000;1.4894000;1.5105000;8233659
20151207;000000;1.5104000;1.5240000;1.4954000;1.5220000;7825803
20151214;000000;1.5216000;1.5232000;1.4863000;1.4912000;8227835
20151221;000000;1.4910000;1.4945000;1.4803000;1.4909000;5072300
20151228;000000;1.4906000;1.4935000;1.4723000;1.4738000;4496197
20160104;000000;1.4737000;1.4816000;1.4504000;1.4519000;8535797
20160111;000000;1.4522000;1.4604000;1.4248000;1.4256000;8858764
20160118;000000;1.4256000;1.4363000;1.4080000;1.4272000;8989245
20160125;000000;1.4268000;1.4413000;1.4148000;1.4252000;9302409
20160201;000000;1.4252000;1.4668000;1.4226000;1.4486000;8855754
20160208;000000;1.4488000;1.4578000;1.4350000;1.4502000;11106429
20160215;000000;1.4500000;1.4536000;1.4233000;1.4264000;10539993
20160222;000000;1.4260000;1.4404000;1.3851000;1.3858000;11300262
20160229;000000;1.3859000;1.4249000;1.3834000;1.4213000;10329631
20160307;000000;1.4215000;1.4437000;1.4116000;1.4379000;9590235
20160314;000000;1.4368000;1.4515000;1.4052000;1.4434000;9328523
20160321;000000;1.4447000;1.4468000;1.4053000;1.4128000;7098523
20160328;000000;1.4127000;1.4459000;1.4118000;1.4220000;7933147
20160404;000000;1.4217000;1.4322000;1.4004000;1.4111000;7691665
20160411;000000;1.4113000;1.4348000;1.4089000;1.4194000;7400086
20160418;000000;1.4196000;1.4452000;1.4129000;1.4463000;6553695
20160425;000000;1.4462000;1.4671000;1.4401000;1.4583000;7845687
20160502;000000;1.4586000;1.4770000;1.4412000;1.4412000;7594016
20160509;000000;1.4416000;1.4531000;1.4337000;1.4352000;6928646
20160516;000000;1.4352000;1.4664000;1.4330000;1.4503000;6957318
20160523;000000;1.4505000;1.4740000;1.4440000;1.4621000;6666794
20160530;000000;1.4611000;1.4725000;1.4384000;1.4492000;6817266
20160606;000000;1.4469000;1.4662000;1.4179000;1.4232000;7237868
20160613;000000;1.4268000;1.4388000;1.4010000;1.4446000;7771471
20160620;000000;1.4470000;1.5019000;1.3226000;1.3498000;9153379
20160627;000000;1.3427000;1.3534000;1.3119000;1.3240000;8614378
20160704;000000;1.3249000;1.3341000;1.2791000;1.2954000;7244678
20160711;000000;1.2950000;1.3481000;1.2849000;1.3209000;9084398
20160718;000000;1.3196000;1.3315000;1.3061000;1.3135000;8276112
20160725;000000;1.3144000;1.3302000;1.3056000;1.3231000;7656778
20160801;000000;1.3222000;1.3372000;1.3019000;1.3075000;6932154
20160808;000000;1.3078000;1.3097000;1.2901000;1.2925000;6394280
20160815;000000;1.2920000;1.3185000;1.2864000;1.3053000;7442687
20160822;000000;1.3053000;1.3279000;1.3032000;1.3108000;7351750
20160829;000000;1.3110000;1.3135000;1.3103000;1.3069000;615
20160926;000000;1.2963000;1.3058000;1.2898000;1.2916000;8273370
20161003;000000;1.2916000;1.2946000;1.1943000;1.2396000;9923542
20161010;000000;1.2397000;1.2444000;1.2088000;1.2154000;10488879
20161017;000000;1.2154000;1.2333000;1.2133000;1.2229000;9024777
20161024;000000;1.2227000;1.2272000;1.2081000;1.2174000;8539997
20161031;000000;1.2178000;1.2557000;1.2142000;1.2466000;8863990
20161107;000000;1.2466000;1.2674000;1.2348000;1.2582000;10835635
20161114;000000;1.2584000;1.2593000;1.2299000;1.2340000;11167657
20161121;000000;1.2354000;1.2514000;1.2310000;1.2480000;10126717
20161128;000000;1.2478000;1.2737000;1.2385000;1.2696000;9859433
20161205;000000;1.2696000;1.2775000;1.2547000;1.2566000;8502838
20161212;000000;1.2567000;1.2728000;1.2374000;1.2468000;9779844
20161219;000000;1.2468000;1.2503000;1.2228000;1.2281000;8621593
20161226;000000;1.2282000;1.2388000;1.2198000;1.2330000;6037063
20170102;000000;1.2331000;1.2432000;1.2199000;1.2248000;8421942
20170109;000000;1.2249000;1.2317000;1.1982000;1.1986000;10311461
20170116;000000;1.1983000;1.2416000;1.1983000;1.2378000;11679584
20170123;000000;1.2378000;1.2674000;1.2373000;1.2586000;10548519
20170130;000000;1.2587000;1.2706000;1.2411000;1.2490000;10381367
20170206;000000;1.2490000;1.2582000;1.2345000;1.2473000;8870213
20170213;000000;1.2473000;1.2549000;1.2386000;1.2410000;8120195
20170220;000000;1.2412000;1.2570000;1.2399000;1.2472000;7632089
20170227;000000;1.2473000;1.2479000;1.2213000;1.2286000;7886710
20170306;000000;1.2285000;1.2300000;1.2133000;1.2156000;7381742
20170313;000000;1.2163000;1.2405000;1.2107000;1.2384000;7574051
20170320;000000;1.2380000;1.2531000;1.2333000;1.2487000;7299224
20170327;000000;1.2490000;1.2616000;1.2375000;1.2542000;7424196
20170403;000000;1.2537000;1.2556000;1.2363000;1.2382000;6640975
20170410;000000;1.2380000;1.2575000;1.2363000;1.2528000;6683402
20170417;000000;1.2529000;1.2906000;1.2513000;1.2837000;7416894
20170424;000000;1.2834000;1.2966000;1.2771000;1.2942000;7229224
20170501;000000;1.2930000;1.2985000;1.2829000;1.2981000;6832021
20170508;000000;1.2979000;1.2989000;1.2843000;1.2880000;7847830
20170515;000000;1.2880000;1.3048000;1.2864000;1.2993000;8747973
20170522;000000;1.2990000;1.3043000;1.2774000;1.2802000;7809277
20170529;000000;1.2806000;1.2921000;1.2768000;1.2856000;7206684
20170605;000000;1.2856000;1.2978000;1.2634000;1.2713000;8488678
20170612;000000;1.2712000;1.2818000;1.2636000;1.2761000;7866853
20170619;000000;1.2759000;1.2815000;1.2587000;1.2735000;6451724
20170626;000000;1.2734000;1.3030000;1.2703000;1.3001000;7893919
20170703;000000;1.3000000;1.3025000;1.2863000;1.2880000;7170626
20170710;000000;1.2878000;1.3114000;1.2809000;1.3095000;6832903
20170717;000000;1.3096000;1.3126000;1.2931000;1.2991000;7234649
20170724;000000;1.2994000;1.3159000;1.2987000;1.3121000;7140417
20170731;000000;1.3122000;1.3269000;1.3022000;1.3040000;6991847
20170807;000000;1.3041000;1.3059000;1.2938000;1.2995000;6684553
20170814;000000;1.3007000;1.3022000;1.2830000;1.2864000;6628862
20170821;000000;1.2858000;1.2945000;1.2773000;1.2923000;6326772
20170828;000000;1.2925000;1.2996000;1.2851000;1.2959000;6674368
20170904;000000;1.2960000;1.3224000;1.2907000;1.3183000;7219280
20170911;000000;1.3183000;1.3617000;1.3147000;1.3557000;7730580
20170918;000000;1.3557000;1.3658000;1.3448000;1.3485000;8138281
20170925;000000;1.3488000;1.3571000;1.3342000;1.3370000;7790907
20171002;000000;1.3371000;1.3402000;1.3026000;1.3094000;7093142
20171009;000000;1.3092000;1.3338000;1.3073000;1.3296000;6768486
20171016;000000;1.3295000;1.3312000;1.3086000;1.3181000;7250012
20171023;000000;1.3181000;1.3279000;1.3069000;1.3122000;7254842
20171030;000000;1.3129000;1.3321000;1.3038000;1.3068000;7691785
20171106;000000;1.3070000;1.3230000;1.3057000;1.3181000;7211590
20171113;000000;1.3179000;1.3260000;1.3060000;1.3206000;8236559
20171120;000000;1.3206000;1.3360000;1.3184000;1.3336000;7163646
20171127;000000;1.3324000;1.3550000;1.3220000;1.3432000;9555641
20171204;000000;1.3433000;1.3539000;1.3319000;1.3382000;8714726
20171211;000000;1.3384000;1.3466000;1.3300000;1.3319000;7925044
20171218;000000;1.3320000;1.3420000;1.3308000;1.3356000;7843437
20171225;000000;1.3356000;1.3544000;1.3346000;1.3510000;5149290
20180101;000000;1.3505000;1.3613000;1.3491000;1.3558000;6297478
20180108;000000;1.3561000;1.3744000;1.3456000;1.3737000;8530188
20180115;000000;1.3736000;1.3945000;1.3723000;1.3887000;9621022
20180122;000000;1.3886000;1.4346000;1.3855000;1.4142000;11556615
20180129;000000;1.4142000;1.4278000;1.3979000;1.4103000;11061594
20180205;000000;1.4105000;1.4151000;1.3763000;1.3811000;13069609
20180212;000000;1.3811000;1.4145000;1.3795000;1.4008000;10235960
20180219;000000;1.4013000;1.4050000;1.3855000;1.3969000;8549822
20180226;000000;1.3974000;1.4070000;1.3710000;1.3807000;9256409
20180305;000000;1.3809000;1.3930000;1.3766000;1.3852000;10451046
20180312;000000;1.3849000;1.3996000;1.3840000;1.3936000;6579365
20180319;000000;1.3942000;1.4220000;1.3911000;1.4138000;8424068
20180326;000000;1.4135000;1.4245000;1.4008000;1.4020000;8360638
20180402;000000;1.4025000;1.4106000;1.3964000;1.4088000;7817829
20180409;000000;1.4091000;1.4297000;1.4077000;1.4247000;8092535
20180416;000000;1.4248000;1.4377000;1.3992000;1.4000000;8126803
20180423;000000;1.4000000;1.4031000;1.3746000;1.3770000;8097848
20180430;000000;1.3771000;1.3792000;1.3485000;1.3532000;8936683
20180507;000000;1.3532000;1.3618000;1.3459000;1.3541000;9053995
20180514;000000;1.3543000;1.3608000;1.3450000;1.3461000;8513725
20180521;000000;1.3459000;1.3492000;1.3292000;1.3315000;9476303
20180528;000000;1.3314000;1.3362000;1.3203000;1.3337000;9675493
20180604;000000;1.3341000;1.3473000;1.3293000;1.3414000;9119183
20180611;000000;1.3411000;1.3447000;1.3209000;1.3261000;8472713
20180618;000000;1.3258000;1.3315000;1.3101000;1.3253000;8746909
20180625;000000;1.3253000;1.3292000;1.3049000;1.3192000;9544038
20180702;000000;1.3184000;1.3325000;1.3094000;1.3316000;8275871
20180709;000000;1.3317000;1.3363000;1.3101000;1.3226000;8680342
20180716;000000;1.3226000;1.3293000;1.2956000;1.3122000;8791257
20180723;000000;1.3121000;1.3213000;1.3070000;1.3111000;7579993
20180730;000000;1.3111000;1.3173000;1.2974000;1.3010000;7223628
20180806;000000;1.3009000;1.3012000;1.2722000;1.2746000;6950218
20180813;000000;1.2744000;1.2827000;1.2661000;1.2743000;8254683
20180820;000000;1.2742000;1.2937000;1.2727000;1.2838000;7286874
20180827;000000;1.2841000;1.3043000;1.2827000;1.2912000;9296812
20180903;000000;1.2911000;1.3028000;1.2784000;1.2924000;8077099
20180910;000000;1.2922000;1.3143000;1.2895000;1.3068000;7907821
20180917;000000;1.3067000;1.3299000;1.3054000;1.3074000;8636158
20180924;000000;1.3075000;1.3218000;1.2999000;1.3041000;8523447
20181001;000000;1.3041000;1.3134000;1.2921000;1.3120000;9367149
20181008;000000;1.3120000;1.3258000;1.3027000;1.3083000;10310456
20181015;000000;1.3083000;1.3236000;1.3010000;1.3072000;9682198
20181022;000000;1.3070000;1.3090000;1.2775000;1.2821000;10825237
20181029;000000;1.2821000;1.3061000;1.2694000;1.3038000;9943166
20181105;000000;1.3037000;1.3175000;1.2910000;1.2916000;10067245
20181112;000000;1.2917000;1.3072000;1.2722000;1.2828000;12274705
20181119;000000;1.2828000;1.2928000;1.2762000;1.2826000;8821526
20181126;000000;1.2825000;1.2864000;1.2724000;1.2772000;10326912
20181203;000000;1.2771000;1.2840000;1.2658000;1.2702000;10834869
20181210;000000;1.2702000;1.2760000;1.2476000;1.2599000;11709479
20181217;000000;1.2602000;1.2707000;1.2570000;1.2634000;11532681
20181224;000000;1.2634000;1.2739000;1.2614000;1.2702000;7792818
20181231;000000;1.2703000;1.2815000;1.2437000;1.2725000;8192692
20190107;000000;1.2725000;1.2866000;1.2705000;1.2853000;8809836
20190114;000000;1.2851000;1.3001000;1.2668000;1.2870000;9622499
20190121;000000;1.2870000;1.3218000;1.2829000;1.3181000;9107720
20190128;000000;1.3182000;1.3212000;1.3042000;1.3072000;9496858
20190204;000000;1.3072000;1.3103000;1.2853000;1.2946000;7921012
20190211;000000;1.2946000;1.2959000;1.2771000;1.2918000;12342157
20190218;000000;1.2917000;1.3109000;1.2890000;1.3068000;12239401
20190225;000000;1.3068000;1.3350000;1.3049000;1.3258000;13634991
20190304;000000;1.3258000;1.3272000;1.2947000;1.2971000;13200435
20190311;000000;1.2971000;1.3381000;1.2959000;1.3294000;9159350
20190318;000000;1.3295000;1.3311000;1.3003000;1.3215000;8782387
20190325;000000;1.3213000;1.3269000;1.2976000;1.3040000;9415801
20190401;000000;1.3039000;1.3196000;1.2985000;1.3038000;8640992
20190408;000000;1.3039000;1.3133000;1.3022000;1.3079000;6874786
20190415;000000;1.3079000;1.3119000;1.2977000;1.2994000;7011206
20190422;000000;1.2997000;1.3019000;1.2864000;1.2922000;6120496
20190429;000000;1.2921000;1.3177000;1.2903000;1.3146000;6021228
20190506;000000;1.3143000;1.3171000;1.2966000;1.3000000;6525919
20190513;000000;1.2997000;1.3041000;1.2711000;1.2735000;5987609
20190520;000000;1.2736000;1.2814000;1.2603000;1.2727000;5712296
20190527;000000;1.2723000;1.2748000;1.2558000;1.2630000;5630946
20190603;000000;1.2628000;1.2763000;1.2608000;1.2738000;10291468
20190610;000000;1.2738000;1.2759000;1.2575000;1.2586000;10665118
20190617;000000;1.2584000;1.2747000;1.2505000;1.2736000;11503338
20190624;000000;1.2729000;1.2784000;1.2659000;1.2699000;10618044
20190701;000000;1.2697000;1.2706000;1.2480000;1.2526000;8491746
20190708;000000;1.2527000;1.2579000;1.2438000;1.2573000;8603918
20190715;000000;1.2576000;1.2577000;1.2380000;1.2497000;8417196
20190722;000000;1.2490000;1.2523000;1.2372000;1.2374000;8174042
20190729;000000;1.2375000;1.2381000;1.2078000;1.2150000;10913675
20190805;000000;1.2150000;1.2210000;1.2013000;1.2019000;11370847
20190812;000000;1.2020000;1.2176000;1.2015000;1.2158000;12249021
20190819;000000;1.2158000;1.2294000;1.2063000;1.2260000;9978618
20190826;000000;1.2260000;1.2310000;1.2137000;1.2158000;11079780
20190902;000000;1.2158000;1.2354000;1.1957000;1.2284000;10974054
20190909;000000;1.2284000;1.2506000;1.2231000;1.2496000;10705972
20190916;000000;1.2495000;1.2582000;1.2391000;1.2470000;10932604
20190923;000000;1.2470000;1.2503000;1.2270000;1.2292000;10667199
20190930;000000;1.2292000;1.2413000;1.2203000;1.2334000;10906444
20191007;000000;1.2334000;1.2707000;1.2193000;1.2642000;12468170
